{"epoch_1000x": 0, "train_batch_loss": 2.2831151485443115, "train_kl_reg_batch_loss": 0.013758690096437931, "train_rec_batch_loss": 2.354578733444214, "train_inv_batch_loss": 1.9969168901443481, "_timestamp": 1726351710.2468345, "_runtime": 14.475356578826904, "_step": 1, "epoch": 0, "train_loss": 2.2960463762283325, "train_kl_reg_loss": 0.013830593787133694, "train_rec_loss": 2.3677440881729126, "train_inv_loss": 2.0089100003242493, "_wandb": {"runtime": 13}}