{"iou_batch":0.37646484375,"_step":93,"loss_kl":5.6184851928264834e-05,"acc":0.49945068359375,"_runtime":35.4158769,"val_loss_kl":5.877125295228325e-05,"data_step":9,"loss_near_batch":0.06963402032852173,"iou":0.40460205078125,"val_loss_vol":0.692974179983139,"val_loss_near":0.06932156905531883,"_wandb":{"runtime":35},"loss_kl_batch":5.832816896145232e-05,"_timestamp":1.7349189065732913e+09,"loss_vol":0.6947540938854218,"epoch":4,"loss_vol_batch":0.6946015357971191,"_wandb.runtime":19,"val_iou":0.510498046875,"loss_near":0.06952400878071785,"val_acc":0.510498046875,"acc_batch":0.501708984375}