{"_runtime":0.653643576,"_step":0,"test":123,"_wandb":{"runtime":0},"_timestamp":1.7349156324341578e+09}