{"epoch_1000x": 0, "train_batch_loss": 2.334676742553711, "train_kl_reg_batch_loss": 0.014013977721333504, "train_rec_batch_loss": 2.4197659492492676, "train_inv_batch_loss": 1.9939693212509155, "_timestamp": 1726365210.438264, "_runtime": 9.696492910385132, "_step": 2, "epoch": 0, "train_loss": 2.2948281168937683, "train_kl_reg_loss": 0.013600134989246726, "train_rec_loss": 2.3671640753746033, "train_inv_loss": 2.005143880844116, "eval_loss": 2.249623902142048, "eval_kl_reg": 0.011745400552172214, "eval_rec": 2.3115696758031845, "eval_inv": 2.0015469677746296, "_wandb": {"runtime": 7}}