{"epoch_1000x": 1947, "train_batch_loss": 2.386918783187866, "train_kl_reg_batch_loss": 0.013688492588698864, "train_rec_batch_loss": 2.4746718406677246, "train_inv_batch_loss": 2.0355637073516846, "_timestamp": 1726365291.1987565, "_runtime": 19.815784454345703, "_step": 113, "epoch": 0, "train_loss": 2.298525365867785, "train_kl_reg_loss": 0.013645422378821033, "train_rec_loss": 2.3709693673465932, "train_inv_loss": 2.0084080831812963, "eval_loss": 2.2509425953030586, "eval_kl_reg": 0.011745400552172214, "eval_rec": 2.3115742579102516, "eval_inv": 2.0081221275031567, "_wandb": {"runtime": 18}}