{
    "0": {
        "final": {
            "chamfer": 3.472673051874153e-05,
            "depth_loss": 0.005129729863256216,
            "f_score": 0.9831256866455078,
            "iou": 0.9774378538131714,
            "mask_loss": 0.001704702852293849
        },
        "first_stage": {
            "chamfer": 3.2151412597158924e-05,
            "depth_loss": 0.004209612030535936,
            "f_score": 0.992136538028717,
            "iou": 0.9655435085296631,
            "mask_loss": 0.0014745506923645735
        },
        "initial": {
            "chamfer": 3.32370400428772e-05,
            "depth_loss": 0.007232910022139549,
            "f_score": 0.9970767498016357,
            "iou": 0.9594290256500244,
            "mask_loss": 0.0023772437125444412
        }
    },
    "1": {
        "final": {
            "chamfer": 7.010970875853673e-05,
            "depth_loss": 0.0035938131622970104,
            "f_score": 0.9474292993545532,
            "iou": 0.9713645577430725,
            "mask_loss": 0.00133875897154212
        },
        "first_stage": {
            "chamfer": 7.066874240990728e-05,
            "depth_loss": 0.0035802219063043594,
            "f_score": 0.946691632270813,
            "iou": 0.9726937413215637,
            "mask_loss": 0.001333787222392857
        },
        "initial": {
            "chamfer": 8.883785631041974e-05,
            "depth_loss": 0.012154114432632923,
            "f_score": 0.915593147277832,
            "iou": 0.8769931793212891,
            "mask_loss": 0.004022090695798397
        }
    },
    "2": {
        "final": {
            "chamfer": 5.6000299082370475e-05,
            "depth_loss": 0.0022103451192378998,
            "f_score": 0.9733864665031433,
            "iou": 0.9793984293937683,
            "mask_loss": 0.0008906635921448469
        },
        "first_stage": {
            "chamfer": 5.5736134527251124e-05,
            "depth_loss": 0.0022730554919689894,
            "f_score": 0.9751436710357666,
            "iou": 0.9800339937210083,
            "mask_loss": 0.0008695354918017983
        },
        "initial": {
            "chamfer": 7.15298083378002e-05,
            "depth_loss": 0.007400393486022949,
            "f_score": 0.9529299139976501,
            "iou": 0.8998371362686157,
            "mask_loss": 0.002855674596503377
        }
    },
    "3": {
        "final": {
            "chamfer": 4.401841579237953e-05,
            "depth_loss": 0.0027876668609678745,
            "f_score": 0.9913491010665894,
            "iou": 0.993219256401062,
            "mask_loss": 0.0010600313544273376
        },
        "first_stage": {
            "chamfer": 4.480497955228202e-05,
            "depth_loss": 0.003217262914404273,
            "f_score": 0.9901195764541626,
            "iou": 0.9938883185386658,
            "mask_loss": 0.0012830926571041346
        },
        "initial": {
            "chamfer": 6.406613101717085e-05,
            "depth_loss": 0.006004367023706436,
            "f_score": 0.956323504447937,
            "iou": 0.9779225587844849,
            "mask_loss": 0.002371173119172454
        }
    },
    "4": {
        "final": {
            "chamfer": 1.6104151654872112e-05,
            "depth_loss": 0.001664831186644733,
            "f_score": 1.0,
            "iou": 0.9760938286781311,
            "mask_loss": 0.0007007067324593663
        },
        "first_stage": {
            "chamfer": 1.6377418432966806e-05,
            "depth_loss": 0.002032830845564604,
            "f_score": 1.0,
            "iou": 0.9671669602394104,
            "mask_loss": 0.0008399140206165612
        },
        "initial": {
            "chamfer": 2.4712429876672104e-05,
            "depth_loss": 0.00704613234847784,
            "f_score": 0.9990090131759644,
            "iou": 0.8797524571418762,
            "mask_loss": 0.0025719318073242903
        }
    },
    "5": {
        "final": {
            "chamfer": 4.512753366725519e-05,
            "depth_loss": 0.0032928423024713993,
            "f_score": 0.989453136920929,
            "iou": 0.9902202486991882,
            "mask_loss": 0.0012096129357814789
        },
        "first_stage": {
            "chamfer": 4.529753641691059e-05,
            "depth_loss": 0.0027301479130983353,
            "f_score": 0.989004909992218,
            "iou": 0.9878716468811035,
            "mask_loss": 0.000985274906270206
        },
        "initial": {
            "chamfer": 6.423764716600999e-05,
            "depth_loss": 0.007335296832025051,
            "f_score": 0.9615209698677063,
            "iou": 0.9590345621109009,
            "mask_loss": 0.0029938253574073315
        }
    },
    "6": {
        "final": {
            "chamfer": 2.0159925043117255e-05,
            "depth_loss": 0.0011842132080346346,
            "f_score": 1.0,
            "iou": 0.982793390750885,
            "mask_loss": 0.0005627005593851209
        },
        "first_stage": {
            "chamfer": 2.0363746443763375e-05,
            "depth_loss": 0.0013042406644672155,
            "f_score": 0.999969482421875,
            "iou": 0.9819508790969849,
            "mask_loss": 0.0005758443148806691
        },
        "initial": {
            "chamfer": 3.352954445290379e-05,
            "depth_loss": 0.009012644179165363,
            "f_score": 0.9945957064628601,
            "iou": 0.9329060912132263,
            "mask_loss": 0.0030669067054986954
        }
    },
    "7": {
        "final": {
            "chamfer": 8.718809112906456e-05,
            "depth_loss": 0.010653691366314888,
            "f_score": 0.9282992482185364,
            "iou": 0.15102389454841614,
            "mask_loss": 0.004154312424361706
        },
        "first_stage": {
            "chamfer": 8.799300121609122e-05,
            "depth_loss": 0.010228985920548439,
            "f_score": 0.9263901114463806,
            "iou": 0.1486372947692871,
            "mask_loss": 0.004148897714912891
        },
        "initial": {
            "chamfer": 6.642413791269064e-05,
            "depth_loss": 0.012684883549809456,
            "f_score": 0.9705784916877747,
            "iou": 0.10318201780319214,
            "mask_loss": 0.004016092047095299
        }
    },
    "8": {
        "final": {
            "chamfer": 8.818785136099905e-05,
            "depth_loss": 0.0012823294382542372,
            "f_score": 0.8970536589622498,
            "iou": 0.9936928153038025,
            "mask_loss": 0.0004767721693497151
        },
        "first_stage": {
            "chamfer": 8.858327782945707e-05,
            "depth_loss": 0.0013502215733751655,
            "f_score": 0.897004246711731,
            "iou": 0.9909700155258179,
            "mask_loss": 0.0006150805857032537
        },
        "initial": {
            "chamfer": 9.927930659614503e-05,
            "depth_loss": 0.002974310191348195,
            "f_score": 0.873987078666687,
            "iou": 0.9683356881141663,
            "mask_loss": 0.0014994095545262098
        }
    },
    "9": {
        "final": {
            "chamfer": 7.645957521162927e-05,
            "depth_loss": 0.004368233494460583,
            "f_score": 0.9366592764854431,
            "iou": 0.8283313512802124,
            "mask_loss": 0.0018912851810455322
        },
        "first_stage": {
            "chamfer": 8.131528011290357e-05,
            "depth_loss": 0.005062533542513847,
            "f_score": 0.929928183555603,
            "iou": 0.79929518699646,
            "mask_loss": 0.0020957698579877615
        },
        "initial": {
            "chamfer": 0.0001369421079289168,
            "depth_loss": 0.026384595781564713,
            "f_score": 0.8251004815101624,
            "iou": 0.43120211362838745,
            "mask_loss": 0.009533705189824104
        }
    },
    "10": {
        "final": {
            "chamfer": 0.00012331450125202537,
            "depth_loss": 0.001669919234700501,
            "f_score": 0.8771023154258728,
            "iou": 0.9911031126976013,