{
    "0": {
        "final": {
            "chamfer": 3.4285287256352603e-05,
            "depth_loss": 0.0046179816126823425,
            "f_score": 0.9829699397087097,
            "iou": 0.9789635539054871,
            "mask_loss": 0.0015582849737256765
        },
        "first_stage": {
            "chamfer": 3.420498251216486e-05,
            "depth_loss": 0.004307860042899847,
            "f_score": 0.9869118332862854,
            "iou": 0.9678184390068054,
            "mask_loss": 0.0015192081918939948
        },
        "initial": {
            "chamfer": 3.32481722580269e-05,
            "depth_loss": 0.007111957762390375,
            "f_score": 0.9966214299201965,
            "iou": 0.956264078617096,
            "mask_loss": 0.0023597711697220802
        }
    },
    "1": {
        "final": {
            "chamfer": 7.036606257315725e-05,
            "depth_loss": 0.0029345275834202766,
            "f_score": 0.9452966451644897,
            "iou": 0.9760836958885193,
            "mask_loss": 0.0011798343621194363
        },
        "first_stage": {
            "chamfer": 7.107905548764393e-05,
            "depth_loss": 0.002894836477935314,
            "f_score": 0.9465293288230896,
            "iou": 0.9726094603538513,
            "mask_loss": 0.001297720125876367
        },
        "initial": {
            "chamfer": 8.947840251494199e-05,
            "depth_loss": 0.012300404720008373,
            "f_score": 0.9144089221954346,
            "iou": 0.8783578276634216,
            "mask_loss": 0.004091091454029083
        }
    },
    "2": {
        "final": {
            "chamfer": 5.581668665399775e-05,
            "depth_loss": 0.0019413894042372704,
            "f_score": 0.9729201793670654,
            "iou": 0.9802387952804565,
            "mask_loss": 0.0008126541506499052
        },
        "first_stage": {
            "chamfer": 5.586574479821138e-05,
            "depth_loss": 0.002033849013969302,
            "f_score": 0.9750030636787415,
            "iou": 0.9804338812828064,
            "mask_loss": 0.0008274586871266365
        },
        "initial": {
            "chamfer": 7.31038162484765e-05,
            "depth_loss": 0.007831817492842674,
            "f_score": 0.9504163265228271,
            "iou": 0.8875764012336731,
            "mask_loss": 0.0029717725701630116
        }
    },
    "3": {
        "final": {
            "chamfer": 4.386783257359639e-05,
            "depth_loss": 0.002331285970285535,
            "f_score": 0.9912229776382446,
            "iou": 0.9939454197883606,
            "mask_loss": 0.0009787911549210548
        },
        "first_stage": {
            "chamfer": 4.450709093362093e-05,
            "depth_loss": 0.002746105659753084,
            "f_score": 0.9901357293128967,
            "iou": 0.9939919710159302,
            "mask_loss": 0.0010962472297251225
        },
        "initial": {
            "chamfer": 6.460734584834427e-05,
            "depth_loss": 0.006253671366721392,
            "f_score": 0.9559291005134583,
            "iou": 0.980318009853363,
            "mask_loss": 0.0024071387015283108
        }
    },
    "4": {
        "final": {
            "chamfer": 1.601777876203414e-05,
            "depth_loss": 0.0014826531987637281,
            "f_score": 1.0,
            "iou": 0.9778481125831604,
            "mask_loss": 0.0006516925059258938
        },
        "first_stage": {
            "chamfer": 1.617812449694611e-05,
            "depth_loss": 0.001616432098671794,
            "f_score": 1.0,
            "iou": 0.9758522510528564,
            "mask_loss": 0.0007083127275109291
        },
        "initial": {
            "chamfer": 2.4518867576261982e-05,
            "depth_loss": 0.006739840842783451,
            "f_score": 0.9994052052497864,
            "iou": 0.8812885880470276,
            "mask_loss": 0.00248910766094923
        }
    },
    "5": {
        "final": {
            "chamfer": 4.482303484110162e-05,
            "depth_loss": 0.002692123409360647,
            "f_score": 0.9900321960449219,
            "iou": 0.9902206063270569,
            "mask_loss": 0.001081702415831387
        },
        "first_stage": {
            "chamfer": 4.5432352635543793e-05,
            "depth_loss": 0.0023921190295368433,
            "f_score": 0.9884345531463623,
            "iou": 0.9876417517662048,
            "mask_loss": 0.0009123737690970302
        },
        "initial": {
            "chamfer": 6.418478733394295e-05,
            "depth_loss": 0.007545622065663338,
            "f_score": 0.9626776576042175,
            "iou": 0.9586154222488403,
            "mask_loss": 0.003066855017095804
        }
    },
    "6": {
        "final": {
            "chamfer": 2.00815629796125e-05,
            "depth_loss": 0.0011992919025942683,
            "f_score": 0.9999847412109375,
            "iou": 0.9813071489334106,
            "mask_loss": 0.0005676303990185261
        },
        "first_stage": {
            "chamfer": 2.0365250748000108e-05,
            "depth_loss": 0.001120475702919066,
            "f_score": 0.9999847412109375,
            "iou": 0.9836783409118652,
            "mask_loss": 0.0005405169213190675
        },
        "initial": {
            "chamfer": 3.3768301364034414e-05,
            "depth_loss": 0.009065678343176842,
            "f_score": 0.9939740896224976,
            "iou": 0.9319131970405579,
            "mask_loss": 0.003082097275182605
        }
    },
    "7": {
        "final": {
            "chamfer": 6.547192606376484e-05,
            "depth_loss": 0.011324785649776459,
            "f_score": 0.9715542793273926,
            "iou": 0.10725152492523193,
            "mask_loss": 0.0036114072427153587
        },
        "first_stage": {
            "chamfer": 6.561705959029496e-05,
            "depth_loss": 0.012160027399659157,
            "f_score": 0.9730023145675659,
            "iou": 0.10507629811763763,
            "mask_loss": 0.0039230394177138805
        },
        "initial": {
            "chamfer": 6.550709076691419e-05,
            "depth_loss": 0.011789446696639061,
            "f_score": 0.9735390543937683,
            "iou": 0.10585964471101761,
            "mask_loss": 0.003741328837350011
        }
    },
    "8": {
        "final": {
            "chamfer": 8.867899305187166e-05,
            "depth_loss": 0.0012349642347544432,
            "f_score": 0.8963307738304138,
            "iou": 0.9942490458488464,
            "mask_loss": 0.00048168940702453256
        },
        "first_stage": {
            "chamfer": 8.847075514495373e-05,
            "depth_loss": 0.0013680238043889403,
            "f_score": 0.8980331420898438,
            "iou": 0.9926788806915283,
            "mask_loss": 0.0006124811479821801
        },
        "initial": {
            "chamfer": 9.852304356172681e-05,
            "depth_loss": 0.0029445597901940346,
            "f_score": 0.8770039677619934,
            "iou": 0.9681521654129028,
            "mask_loss": 0.0014963210560381413
        }
    },
    "9": {
        "final": {
            "chamfer": 7.795034616719931e-05,
            "depth_loss": 0.0034297173842787743,
            "f_score": 0.9352459907531738,
            "iou": 0.8118208646774292,
            "mask_loss": 0.001722497632727027
        },
        "first_stage": {
            "chamfer": 8.263892959803343e-05,
            "depth_loss": 0.004065193235874176,
            "f_score": 0.9257739186286926,
            "iou": 0.7660855650901794,
            "mask_loss": 0.001785569591447711
        },
        "initial": {
            "chamfer": 0.00013822197797708213,
            "depth_loss": 0.027072124183177948,
            "f_score": 0.8254616260528564,
            "iou": 0.42706194519996643,
            "mask_loss": 0.00983680970966816
        }
    },
    "10": {
        "final": {
            "chamfer": 0.00010810850653797388,
            "depth_loss": 0.001533512957394123,
            "f_score": 0.8791108727455139,