{
    "0": {
        "final": {
            "chamfer": 3.551197733031586e-05,
            "depth_loss": 0.005043987184762955,
            "f_score": 0.9819958209991455,
            "iou": 0.978262722492218,
            "mask_loss": 0.0016972586745396256
        },
        "first_stage": {
            "chamfer": 3.372109495103359e-05,
            "depth_loss": 0.004095318727195263,
            "f_score": 0.9879102110862732,
            "iou": 0.9686493873596191,
            "mask_loss": 0.001548824249766767
        },
        "initial": {
            "chamfer": 3.332078631501645e-05,
            "depth_loss": 0.007450887002050877,
            "f_score": 0.9967434406280518,
            "iou": 0.9558467864990234,
            "mask_loss": 0.0024474612437188625
        }
    },
    "1": {
        "final": {
            "chamfer": 7.030830602161586e-05,
            "depth_loss": 0.002755048219114542,
            "f_score": 0.9448173642158508,
            "iou": 0.9748631119728088,
            "mask_loss": 0.0011933278292417526
        },
        "first_stage": {
            "chamfer": 7.044364610919729e-05,
            "depth_loss": 0.0029335878789424896,
            "f_score": 0.9464554190635681,
            "iou": 0.9717167019844055,
            "mask_loss": 0.0012834025546908379
        },
        "initial": {
            "chamfer": 8.840643567964435e-05,
            "depth_loss": 0.01216406375169754,
            "f_score": 0.9180693626403809,
            "iou": 0.8762651681900024,
            "mask_loss": 0.004026598297059536
        }
    },
    "2": {
        "final": {
            "chamfer": 5.5639426136622205e-05,
            "depth_loss": 0.0020603169687092304,
            "f_score": 0.9742016196250916,
            "iou": 0.978592038154602,
            "mask_loss": 0.0008546721073798835
        },
        "first_stage": {
            "chamfer": 5.580772631219588e-05,
            "depth_loss": 0.0020977738313376904,
            "f_score": 0.9743011593818665,
            "iou": 0.9750633835792542,
            "mask_loss": 0.0008284140494652092
        },
        "initial": {
            "chamfer": 7.187789015006274e-05,
            "depth_loss": 0.007533524185419083,
            "f_score": 0.9518175721168518,
            "iou": 0.8908350467681885,
            "mask_loss": 0.002908367896452546
        }
    },
    "3": {
        "final": {
            "chamfer": 4.425168299349025e-05,
            "depth_loss": 0.002291357144713402,
            "f_score": 0.9904941916465759,
            "iou": 0.9941020011901855,
            "mask_loss": 0.0010656300000846386
        },
        "first_stage": {
            "chamfer": 4.4642030843533576e-05,
            "depth_loss": 0.0028510966803878546,
            "f_score": 0.9899464249610901,
            "iou": 0.9936338663101196,
            "mask_loss": 0.001155317761003971
        },
        "initial": {
            "chamfer": 6.48213317617774e-05,
            "depth_loss": 0.006156072486191988,
            "f_score": 0.9561086893081665,
            "iou": 0.9790835976600647,
            "mask_loss": 0.002388129010796547
        }
    },
    "4": {
        "final": {
            "chamfer": 1.6222833437495865e-05,
            "depth_loss": 0.0011632307432591915,
            "f_score": 1.0,
            "iou": 0.9769959449768066,
            "mask_loss": 0.0005572904483415186
        },
        "first_stage": {
            "chamfer": 1.630070801184047e-05,
            "depth_loss": 0.001669370336458087,
            "f_score": 1.0,
            "iou": 0.9663078784942627,
            "mask_loss": 0.0007442599162459373
        },
        "initial": {
            "chamfer": 2.485902950866148e-05,
            "depth_loss": 0.006955506280064583,
            "f_score": 0.9991765022277832,
            "iou": 0.8792569637298584,
            "mask_loss": 0.0025484650395810604
        }
    },
    "5": {
        "final": {
            "chamfer": 4.497116606216878e-05,
            "depth_loss": 0.002892252989113331,
            "f_score": 0.9895334243774414,
            "iou": 0.9897189140319824,
            "mask_loss": 0.0011306784581393003
        },
        "first_stage": {
            "chamfer": 4.5277265598997474e-05,
            "depth_loss": 0.0025039599277079105,
            "f_score": 0.9891865849494934,
            "iou": 0.9878712296485901,
            "mask_loss": 0.0009613370639272034
        },
        "initial": {
            "chamfer": 6.411276262952015e-05,
            "depth_loss": 0.007275362499058247,
            "f_score": 0.9627925753593445,
            "iou": 0.9589690566062927,
            "mask_loss": 0.0029781649354845285
        }
    },
    "6": {
        "final": {
            "chamfer": 2.0033592591062188e-05,
            "depth_loss": 0.0010099507635459304,
            "f_score": 0.9999847412109375,
            "iou": 0.9818719029426575,
            "mask_loss": 0.0005138764972798526
        },
        "first_stage": {
            "chamfer": 2.0501734979916364e-05,
            "depth_loss": 0.0013782861642539501,
            "f_score": 0.9999542236328125,
            "iou": 0.9807870388031006,
            "mask_loss": 0.0006021648878231645
        },
        "initial": {
            "chamfer": 3.389021730981767e-05,
            "depth_loss": 0.009384244680404663,
            "f_score": 0.9942148923873901,
            "iou": 0.9304484128952026,
            "mask_loss": 0.003166615031659603
        }
    },
    "7": {
        "final": {
            "chamfer": 6.674652104265988e-05,
            "depth_loss": 0.012237165123224258,
            "f_score": 0.9692812561988831,
            "iou": 0.10891591012477875,
            "mask_loss": 0.003913245629519224
        },
        "first_stage": {
            "chamfer": 6.683179526589811e-05,
            "depth_loss": 0.012865958735346794,
            "f_score": 0.9692208766937256,
            "iou": 0.1066940426826477,
            "mask_loss": 0.004137380979955196
        },
        "initial": {
            "chamfer": 6.685763946734369e-05,
            "depth_loss": 0.012568837031722069,
            "f_score": 0.9700924754142761,
            "iou": 0.10629431158304214,
            "mask_loss": 0.00399670097976923
        }
    },
    "8": {
        "final": {
            "chamfer": 8.969422924565151e-05,
            "depth_loss": 0.0012873016530647874,
            "f_score": 0.8934112191200256,
            "iou": 0.9936383962631226,
            "mask_loss": 0.0004769786028191447
        },
        "first_stage": {
            "chamfer": 8.857695502229035e-05,
            "depth_loss": 0.0013075442984700203,
            "f_score": 0.8964570164680481,
            "iou": 0.9919050931930542,
            "mask_loss": 0.0005927013116888702
        },
        "initial": {
            "chamfer": 9.819937986321747e-05,
            "depth_loss": 0.002939702710136771,
            "f_score": 0.8763551115989685,
            "iou": 0.9676237106323242,
            "mask_loss": 0.0014924275455996394
        }
    },
    "9": {
        "final": {
            "chamfer": 7.622185512445867e-05,
            "depth_loss": 0.0031260668765753508,
            "f_score": 0.937177836894989,
            "iou": 0.8187105059623718,
            "mask_loss": 0.0015365665312856436
        },
        "first_stage": {
            "chamfer": 8.196975250029936e-05,
            "depth_loss": 0.0038128162268549204,
            "f_score": 0.9252934455871582,
            "iou": 0.7679147720336914,
            "mask_loss": 0.0017320166807621717
        },
        "initial": {
            "chamfer": 0.00013725581811740994,
            "depth_loss": 0.027232395485043526,
            "f_score": 0.8255383372306824,
            "iou": 0.43417778611183167,
            "mask_loss": 0.009894611313939095
        }
    },
    "10": {
        "final": {
            "chamfer": 0.00012001019058516249,
            "depth_loss": 0.0016696492675691843,
            "f_score": 0.8778432011604309,