{
    "0": {
        "final": {
            "chamfer": 3.478649159660563e-05,
            "depth_loss": 0.004896548576653004,
            "f_score": 0.9817326068878174,
            "iou": 0.978275716304779,
            "mask_loss": 0.001634430605918169
        },
        "first_stage": {
            "chamfer": 3.360421396791935e-05,
            "depth_loss": 0.004052262287586927,
            "f_score": 0.9888761639595032,
            "iou": 0.9672366976737976,
            "mask_loss": 0.0015109614469110966
        },
        "initial": {
            "chamfer": 3.3332325983792543e-05,
            "depth_loss": 0.0071411291137337685,
            "f_score": 0.9965463876724243,
            "iou": 0.9562750458717346,
            "mask_loss": 0.0023699291050434113
        }
    },
    "1": {
        "final": {
            "chamfer": 7.00697855791077e-05,
            "depth_loss": 0.002603309927508235,
            "f_score": 0.9463249444961548,
            "iou": 0.9771258234977722,
            "mask_loss": 0.0011025135172531009
        },
        "first_stage": {
            "chamfer": 7.042500510578975e-05,
            "depth_loss": 0.0028144638054072857,
            "f_score": 0.9465151429176331,
            "iou": 0.9729796051979065,
            "mask_loss": 0.0012220441130921245
        },
        "initial": {
            "chamfer": 8.843067189445719e-05,
            "depth_loss": 0.012240545824170113,
            "f_score": 0.9162139892578125,
            "iou": 0.8779746890068054,
            "mask_loss": 0.004044481553137302
        }
    },
    "2": {
        "final": {
            "chamfer": 5.5570089898537844e-05,
            "depth_loss": 0.002068997360765934,
            "f_score": 0.9733786582946777,
            "iou": 0.97776859998703,
            "mask_loss": 0.000856077647767961
        },
        "first_stage": {
            "chamfer": 5.6383025366812944e-05,
            "depth_loss": 0.0020323742646723986,
            "f_score": 0.9738568067550659,
            "iou": 0.9812686443328857,
            "mask_loss": 0.0008102321298792958
        },
        "initial": {
            "chamfer": 7.184209243860096e-05,
            "depth_loss": 0.00753089739009738,
            "f_score": 0.9534067511558533,
            "iou": 0.8900203704833984,
            "mask_loss": 0.0029056500643491745
        }
    },
    "3": {
        "final": {
            "chamfer": 4.3658572394633666e-05,
            "depth_loss": 0.0025272530037909746,
            "f_score": 0.9914204478263855,
            "iou": 0.9932160973548889,
            "mask_loss": 0.0010805028723552823
        },
        "first_stage": {
            "chamfer": 4.49188009952195e-05,
            "depth_loss": 0.002645229920744896,
            "f_score": 0.9904471635818481,
            "iou": 0.9931746125221252,
            "mask_loss": 0.00116761086974293
        },
        "initial": {
            "chamfer": 6.364246655721217e-05,
            "depth_loss": 0.006040134932845831,
            "f_score": 0.9576480388641357,
            "iou": 0.9805372953414917,
            "mask_loss": 0.0023030806332826614
        }
    },
    "4": {
        "final": {
            "chamfer": 1.6213116396102123e-05,
            "depth_loss": 0.0016164493281394243,
            "f_score": 1.0,
            "iou": 0.9716981053352356,
            "mask_loss": 0.0006738360971212387
        },
        "first_stage": {
            "chamfer": 1.6308149497490376e-05,
            "depth_loss": 0.0017962234560400248,
            "f_score": 1.0,
            "iou": 0.9671361446380615,
            "mask_loss": 0.000775605789385736
        },
        "initial": {
            "chamfer": 2.4947519705165178e-05,
            "depth_loss": 0.007235857658088207,
            "f_score": 0.9994357228279114,
            "iou": 0.877479076385498,
            "mask_loss": 0.002646328415721655
        }
    },
    "5": {
        "final": {
            "chamfer": 4.520221409620717e-05,
            "depth_loss": 0.0027112457901239395,
            "f_score": 0.988396942615509,
            "iou": 0.989718496799469,
            "mask_loss": 0.0010569028090685606
        },
        "first_stage": {
            "chamfer": 4.481148062041029e-05,
            "depth_loss": 0.0024491252843290567,
            "f_score": 0.9896841645240784,
            "iou": 0.9875630736351013,
            "mask_loss": 0.0009172162972390652
        },
        "initial": {
            "chamfer": 6.441947334678844e-05,
            "depth_loss": 0.0072872694581747055,
            "f_score": 0.9614860415458679,
            "iou": 0.9583954811096191,
            "mask_loss": 0.0030350617598742247
        }
    },
    "6": {
        "final": {
            "chamfer": 1.9921175407944247e-05,
            "depth_loss": 0.0011187221389263868,
            "f_score": 0.9999847412109375,
            "iou": 0.9787890911102295,
            "mask_loss": 0.0005623665056191385
        },
        "first_stage": {
            "chamfer": 2.024549394263886e-05,
            "depth_loss": 0.001166182104498148,
            "f_score": 1.0,
            "iou": 0.9845908880233765,
            "mask_loss": 0.0005163139430806041
        },
        "initial": {
            "chamfer": 3.37752717314288e-05,
            "depth_loss": 0.00901021994650364,
            "f_score": 0.9945207238197327,
            "iou": 0.9329060912132263,
            "mask_loss": 0.003066928591579199
        }
    },
    "7": {
        "final": {
            "chamfer": 9.921213495545089e-05,
            "depth_loss": 0.011904990300536156,
            "f_score": 0.9051318764686584,
            "iou": 0.1443343460559845,
            "mask_loss": 0.004439646378159523
        },
        "first_stage": {
            "chamfer": 9.968195081455633e-05,
            "depth_loss": 0.011347975581884384,
            "f_score": 0.904545247554779,
            "iou": 0.1448739767074585,
            "mask_loss": 0.004444229882210493
        },
        "initial": {
            "chamfer": 6.61118101561442e-05,
            "depth_loss": 0.012549791485071182,
            "f_score": 0.9714604020118713,
            "iou": 0.10448040068149567,
            "mask_loss": 0.0039616534486413
        }
    },
    "8": {
        "final": {
            "chamfer": 8.884545968612656e-05,
            "depth_loss": 0.0012800255790352821,
            "f_score": 0.8947697281837463,
            "iou": 0.9933575391769409,
            "mask_loss": 0.0004816182772628963
        },
        "first_stage": {
            "chamfer": 8.880235691322014e-05,
            "depth_loss": 0.0013974359026178718,
            "f_score": 0.8955669403076172,
            "iou": 0.9928472638130188,
            "mask_loss": 0.0006134165450930595
        },
        "initial": {
            "chamfer": 9.866729669738561e-05,
            "depth_loss": 0.00326811196282506,
            "f_score": 0.8764829039573669,
            "iou": 0.9679688215255737,
            "mask_loss": 0.0014267179649323225
        }
    },
    "9": {
        "final": {
            "chamfer": 7.848904351703823e-05,
            "depth_loss": 0.002794187515974045,
            "f_score": 0.9335426688194275,
            "iou": 0.8113084435462952,
            "mask_loss": 0.001571753527969122
        },
        "first_stage": {
            "chamfer": 8.082938438747078e-05,
            "depth_loss": 0.0037131356075406075,
            "f_score": 0.9289413094520569,
            "iou": 0.7746997475624084,
            "mask_loss": 0.001823954051360488
        },
        "initial": {
            "chamfer": 0.0001366027572657913,
            "depth_loss": 0.027140788733959198,
            "f_score": 0.826316773891449,
            "iou": 0.4334261119365692,
            "mask_loss": 0.009861605241894722
        }
    },
    "10": {
        "final": {
            "chamfer": 0.00010434168507345021,
            "depth_loss": 0.001499915961176157,
            "f_score": 0.8813226222991943,
            "iou": 0.9906665086746216,