{
    "0": {
        "final": {
            "chamfer": 3.41011727869045e-05,
            "depth_loss": 0.0049681770615279675,
            "f_score": 0.9836055636405945,
            "iou": 0.9767005443572998,
            "mask_loss": 0.0016253025969490409
        },
        "first_stage": {
            "chamfer": 3.2573952921666205e-05,
            "depth_loss": 0.004302318207919598,
            "f_score": 0.9890176653862,
            "iou": 0.9664327502250671,
            "mask_loss": 0.001525343395769596
        },
        "initial": {
            "chamfer": 3.356906745466404e-05,
            "depth_loss": 0.007535326294600964,
            "f_score": 0.996758222579956,
            "iou": 0.9562568068504333,
            "mask_loss": 0.002461679046973586
        }
    },
    "1": {
        "final": {
            "chamfer": 7.060405914671719e-05,
            "depth_loss": 0.0037063651252537966,
            "f_score": 0.9441167712211609,
            "iou": 0.9762559533119202,
            "mask_loss": 0.001438391744159162
        },
        "first_stage": {
            "chamfer": 7.10649328539148e-05,
            "depth_loss": 0.004167926497757435,
            "f_score": 0.9468280673027039,
            "iou": 0.9685889482498169,
            "mask_loss": 0.0015667916741222143
        },
        "initial": {
            "chamfer": 8.839732618071139e-05,
            "depth_loss": 0.012164082378149033,
            "f_score": 0.9181222915649414,
            "iou": 0.8762651681900024,
            "mask_loss": 0.004027039743959904
        }
    },
    "2": {
        "final": {
            "chamfer": 5.623930337605998e-05,
            "depth_loss": 0.002321891486644745,
            "f_score": 0.9733778238296509,
            "iou": 0.9745379686355591,
            "mask_loss": 0.0009480880107730627
        },
        "first_stage": {
            "chamfer": 5.662306648446247e-05,
            "depth_loss": 0.0024299847427755594,
            "f_score": 0.9734275937080383,
            "iou": 0.9791755080223083,
            "mask_loss": 0.0009503077017143369
        },
        "initial": {
            "chamfer": 7.28164377505891e-05,
            "depth_loss": 0.007815751247107983,
            "f_score": 0.9500929117202759,
            "iou": 0.8901098966598511,
            "mask_loss": 0.002980088349431753
        }
    },
    "3": {
        "final": {
            "chamfer": 4.415324656292796e-05,
            "depth_loss": 0.002936961594969034,
            "f_score": 0.9912130236625671,
            "iou": 0.9937366247177124,
            "mask_loss": 0.0011017038486897945
        },
        "first_stage": {
            "chamfer": 4.4767723011318594e-05,
            "depth_loss": 0.0033055124804377556,
            "f_score": 0.9890146851539612,
            "iou": 0.9926131367683411,
            "mask_loss": 0.0012328224256634712
        },
        "initial": {
            "chamfer": 6.387164467014372e-05,
            "depth_loss": 0.006069076247513294,
            "f_score": 0.9565439224243164,
            "iou": 0.9807433485984802,
            "mask_loss": 0.002293192781507969
        }
    },
    "4": {
        "final": {
            "chamfer": 1.6445148503407836e-05,
            "depth_loss": 0.0019211091566830873,
            "f_score": 1.0,
            "iou": 0.9769959449768066,
            "mask_loss": 0.0008147202315740287
        },
        "first_stage": {
            "chamfer": 1.638777212065179e-05,
            "depth_loss": 0.001993538811802864,
            "f_score": 1.0,
            "iou": 0.9689558148384094,
            "mask_loss": 0.000836256192997098
        },
        "initial": {
            "chamfer": 2.471773223078344e-05,
            "depth_loss": 0.00704613234847784,
            "f_score": 0.9990090131759644,
            "iou": 0.8797524571418762,
            "mask_loss": 0.0025719318073242903
        }
    },
    "5": {
        "final": {
            "chamfer": 4.466378959477879e-05,
            "depth_loss": 0.0028656714130192995,
            "f_score": 0.9901816248893738,
            "iou": 0.9900643229484558,
            "mask_loss": 0.0010815775021910667
        },
        "first_stage": {
            "chamfer": 4.559033550322056e-05,
            "depth_loss": 0.0030580670572817326,
            "f_score": 0.9893378615379333,
            "iou": 0.9868673086166382,
            "mask_loss": 0.001107991673052311
        },
        "initial": {
            "chamfer": 6.423216836992651e-05,
            "depth_loss": 0.007258650381118059,
            "f_score": 0.962725043296814,
            "iou": 0.9583668112754822,
            "mask_loss": 0.003016402944922447
        }
    },
    "6": {
        "final": {
            "chamfer": 2.000683525693603e-05,
            "depth_loss": 0.0012901525478810072,
            "f_score": 0.9999847412109375,
            "iou": 0.9822461605072021,
            "mask_loss": 0.0005967912147752941
        },
        "first_stage": {
            "chamfer": 2.0397761545609683e-05,
            "depth_loss": 0.001288095023483038,
            "f_score": 0.9999542236328125,
            "iou": 0.983003556728363,
            "mask_loss": 0.0005799805512651801
        },
        "initial": {
            "chamfer": 3.382601062185131e-05,
            "depth_loss": 0.009371519088745117,
            "f_score": 0.9945806264877319,
            "iou": 0.9297283291816711,
            "mask_loss": 0.0031653870828449726
        }
    },
    "7": {
        "final": {
            "chamfer": 0.00011888216249644756,
            "depth_loss": 0.011645215563476086,
            "f_score": 0.8755362629890442,
            "iou": 0.15706302225589752,
            "mask_loss": 0.004197799134999514
        },
        "first_stage": {
            "chamfer": 0.00011905682913493365,
            "depth_loss": 0.010881878435611725,
            "f_score": 0.8756908178329468,
            "iou": 0.1587572693824768,
            "mask_loss": 0.004057866986840963
        },
        "initial": {
            "chamfer": 6.664796819677576e-05,
            "depth_loss": 0.01281692087650299,
            "f_score": 0.9695866703987122,
            "iou": 0.10354698449373245,
            "mask_loss": 0.004043499939143658
        }
    },
    "8": {
        "final": {
            "chamfer": 8.794250607024878e-05,
            "depth_loss": 0.00146897928789258,
            "f_score": 0.8976096510887146,
            "iou": 0.9931357502937317,
            "mask_loss": 0.0005563914310187101
        },
        "first_stage": {
            "chamfer": 8.77216734807007e-05,
            "depth_loss": 0.0014865770936012268,
            "f_score": 0.899293065071106,
            "iou": 0.991686999797821,
            "mask_loss": 0.0006389397894963622
        },
        "initial": {
            "chamfer": 9.807077731238678e-05,
            "depth_loss": 0.0031658741645514965,
            "f_score": 0.8796278238296509,
            "iou": 0.9721279144287109,
            "mask_loss": 0.0014825937105342746
        }
    },
    "9": {
        "final": {
            "chamfer": 7.734975952189416e-05,
            "depth_loss": 0.004044686444103718,
            "f_score": 0.9355612397193909,
            "iou": 0.8118612766265869,
            "mask_loss": 0.0018162422347813845
        },
        "first_stage": {
            "chamfer": 8.418479410465807e-05,
            "depth_loss": 0.0051733446307480335,
            "f_score": 0.9225341081619263,
            "iou": 0.771559476852417,
            "mask_loss": 0.002203612122684717
        },
        "initial": {
            "chamfer": 0.00013513275189325213,
            "depth_loss": 0.027153708040714264,
            "f_score": 0.8286399841308594,
            "iou": 0.43944281339645386,
            "mask_loss": 0.009830034337937832
        }
    },
    "10": {
        "final": {
            "chamfer": 0.0001041563373291865,
            "depth_loss": 0.0016590501181781292,
            "f_score": 0.87953120470047,