{
    "0": {
        "final": {
            "chamfer": 3.352697967784479e-05,
            "depth_loss": 0.004405687563121319,
            "f_score": 0.9857874512672424,
            "iou": 0.9782013893127441,
            "mask_loss": 0.0014648658689111471
        },
        "first_stage": {
            "chamfer": 3.1980875064618886e-05,
            "depth_loss": 0.0038905059918761253,
            "f_score": 0.9929942488670349,
            "iou": 0.9653741717338562,
            "mask_loss": 0.0014273400884121656
        },
        "initial": {
            "chamfer": 3.335201108711772e-05,
            "depth_loss": 0.007291954010725021,
            "f_score": 0.997046709060669,
            "iou": 0.9591819643974304,
            "mask_loss": 0.0023909802548587322
        }
    },
    "1": {
        "final": {
            "chamfer": 6.958087760722265e-05,
            "depth_loss": 0.0034858339931815863,
            "f_score": 0.9462270140647888,
            "iou": 0.9745762944221497,
            "mask_loss": 0.0013117983471602201
        },
        "first_stage": {
            "chamfer": 7.06794235156849e-05,
            "depth_loss": 0.0036325487308204174,
            "f_score": 0.9459139108657837,
            "iou": 0.9736518263816833,
            "mask_loss": 0.001412443583831191
        },
        "initial": {
            "chamfer": 8.780414646025747e-05,
            "depth_loss": 0.012198470532894135,
            "f_score": 0.9169754385948181,
            "iou": 0.8760121464729309,
            "mask_loss": 0.004041964188218117
        }
    },
    "2": {
        "final": {
            "chamfer": 5.5803808209020644e-05,
            "depth_loss": 0.0022473351564258337,
            "f_score": 0.9729209542274475,
            "iou": 0.9756500124931335,
            "mask_loss": 0.0008780244970694184
        },
        "first_stage": {
            "chamfer": 5.6046395911835134e-05,
            "depth_loss": 0.002251492813229561,
            "f_score": 0.9733955264091492,
            "iou": 0.9779099225997925,
            "mask_loss": 0.0008651306852698326
        },
        "initial": {
            "chamfer": 7.202148844953626e-05,
            "depth_loss": 0.007604809012264013,
            "f_score": 0.9525452852249146,
            "iou": 0.8870310187339783,
            "mask_loss": 0.002933252602815628
        }
    },
    "3": {
        "final": {
            "chamfer": 4.403397178975865e-05,
            "depth_loss": 0.0028801392763853073,
            "f_score": 0.9900766611099243,
            "iou": 0.99436354637146,
            "mask_loss": 0.0011093388311564922
        },
        "first_stage": {
            "chamfer": 4.538996290648356e-05,
            "depth_loss": 0.0031645693816244602,
            "f_score": 0.9885019063949585,
            "iou": 0.9942469596862793,
            "mask_loss": 0.0012529583182185888
        },
        "initial": {
            "chamfer": 6.498383299913257e-05,
            "depth_loss": 0.006169172003865242,
            "f_score": 0.9544909596443176,
            "iou": 0.9780606627464294,
            "mask_loss": 0.0024765110574662685
        }
    },
    "4": {
        "final": {
            "chamfer": 2.0517785742413253e-05,
            "depth_loss": 0.0014626993797719479,
            "f_score": 0.999969482421875,
            "iou": 0.9078105092048645,
            "mask_loss": 0.0009945303900167346
        },
        "first_stage": {
            "chamfer": 1.6366921045118943e-05,
            "depth_loss": 0.0020026196725666523,
            "f_score": 1.0,
            "iou": 0.9725768566131592,
            "mask_loss": 0.0008265585638582706
        },
        "initial": {
            "chamfer": 2.4753382604103535e-05,
            "depth_loss": 0.007068153470754623,
            "f_score": 0.9996339082717896,
            "iou": 0.8768147826194763,
            "mask_loss": 0.0025671590119600296
        }
    },
    "5": {
        "final": {
            "chamfer": 4.5007080188952386e-05,
            "depth_loss": 0.0034038755111396313,
            "f_score": 0.9897627830505371,
            "iou": 0.9892949461936951,
            "mask_loss": 0.0012616777094081044
        },
        "first_stage": {
            "chamfer": 4.5424283598549664e-05,
            "depth_loss": 0.003022600896656513,
            "f_score": 0.9891688823699951,
            "iou": 0.9867407083511353,
            "mask_loss": 0.0010973892640322447
        },
        "initial": {
            "chamfer": 6.542442133650184e-05,
            "depth_loss": 0.007633385248482227,
            "f_score": 0.9602081179618835,
            "iou": 0.9588302969932556,
            "mask_loss": 0.003123945090919733
        }
    },
    "6": {
        "final": {
            "chamfer": 1.9878199964296073e-05,
            "depth_loss": 0.0013161576353013515,
            "f_score": 0.9999847412109375,
            "iou": 0.9811751842498779,
            "mask_loss": 0.0005911440821364522
        },
        "first_stage": {
            "chamfer": 2.034208591794595e-05,
            "depth_loss": 0.0011568877380341291,
            "f_score": 0.999908447265625,
            "iou": 0.9826167821884155,
            "mask_loss": 0.0005688873934559524
        },
        "initial": {
            "chamfer": 3.3708896808093414e-05,
            "depth_loss": 0.009010087698698044,
            "f_score": 0.994094729423523,
            "iou": 0.9329060912132263,
            "mask_loss": 0.0030668172985315323
        }
    },
    "7": {
        "final": {
            "chamfer": 9.39726087381132e-05,
            "depth_loss": 0.013069111853837967,
            "f_score": 0.9076600670814514,
            "iou": 0.1407621055841446,
            "mask_loss": 0.0045660631731152534
        },
        "first_stage": {
            "chamfer": 9.412280633114278e-05,
            "depth_loss": 0.012203942984342575,
            "f_score": 0.9077897667884827,
            "iou": 0.1372714638710022,
            "mask_loss": 0.0044399150647223
        },
        "initial": {
            "chamfer": 6.693758768960834e-05,
            "depth_loss": 0.012646405026316643,
            "f_score": 0.9702886939048767,
            "iou": 0.10380536317825317,
            "mask_loss": 0.003962118178606033
        }
    },
    "8": {
        "final": {
            "chamfer": 8.890080789569765e-05,
            "depth_loss": 0.0014065115246921778,
            "f_score": 0.8942170143127441,
            "iou": 0.9941393136978149,
            "mask_loss": 0.0005214762059040368
        },
        "first_stage": {
            "chamfer": 8.78436621860601e-05,
            "depth_loss": 0.0015403025317937136,
            "f_score": 0.8990753293037415,
            "iou": 0.9917442202568054,
            "mask_loss": 0.0006555827567353845
        },
        "initial": {
            "chamfer": 9.806145681068301e-05,
            "depth_loss": 0.0029285079799592495,
            "f_score": 0.8780212998390198,
            "iou": 0.9660266041755676,
            "mask_loss": 0.0014800152275711298
        }
    },
    "9": {
        "final": {
            "chamfer": 7.862319034757093e-05,
            "depth_loss": 0.004206182900816202,
            "f_score": 0.9324870109558105,
            "iou": 0.8186274766921997,
            "mask_loss": 0.0018962712492793798
        },
        "first_stage": {
            "chamfer": 8.177993004210293e-05,
            "depth_loss": 0.005028150975704193,
            "f_score": 0.9274760484695435,
            "iou": 0.7894561290740967,
            "mask_loss": 0.002051219344139099
        },
        "initial": {
            "chamfer": 0.00013732390652876347,
            "depth_loss": 0.026989184319972992,
            "f_score": 0.826322078704834,
            "iou": 0.4328972399234772,
            "mask_loss": 0.009803463704884052
        }
    },
    "10": {
        "final": {
            "chamfer": 0.00013478045002557337,
            "depth_loss": 0.001684424583800137,