{
    "0": {
        "final": {
            "chamfer": 2.9570417609647848e-05,
            "depth_loss": 0.0015963807236403227,
            "f_score": 0.9972507953643799,
            "iou": 0.9760915637016296,
            "mask_loss": 0.0007223095744848251
        },
        "first_stage": {
            "chamfer": 2.9320040994207375e-05,
            "depth_loss": 0.0016426887596026063,
            "f_score": 0.9980166554450989,
            "iou": 0.9745905995368958,
            "mask_loss": 0.0008037530933506787
        },
        "initial": {
            "chamfer": 3.3340380468871444e-05,
            "depth_loss": 0.007176976650953293,
            "f_score": 0.9966529011726379,
            "iou": 0.956942617893219,
            "mask_loss": 0.002360656624659896
        }
    },
    "1": {
        "final": {
            "chamfer": 6.88633881509304e-05,
            "depth_loss": 0.002520646434277296,
            "f_score": 0.9474760890007019,
            "iou": 0.9802500009536743,
            "mask_loss": 0.0011628551874309778
        },
        "first_stage": {
            "chamfer": 6.941822357475758e-05,
            "depth_loss": 0.0025544085074216127,
            "f_score": 0.9481642246246338,
            "iou": 0.9805370569229126,
            "mask_loss": 0.0012197442119941115
        },
        "initial": {
            "chamfer": 8.837178029352799e-05,
            "depth_loss": 0.012140244245529175,
            "f_score": 0.9169378280639648,
            "iou": 0.873321533203125,
            "mask_loss": 0.004074821714311838
        }
    },
    "2": {
        "final": {
            "chamfer": 5.587301347986795e-05,
            "depth_loss": 0.0018768336158245802,
            "f_score": 0.9744154214859009,
            "iou": 0.9802387952804565,
            "mask_loss": 0.0008283341303467751
        },
        "first_stage": {
            "chamfer": 5.592594243353233e-05,
            "depth_loss": 0.001980448840186,
            "f_score": 0.9745426774024963,
            "iou": 0.9821732044219971,
            "mask_loss": 0.0008702822378836572
        },
        "initial": {
            "chamfer": 7.233377982629463e-05,
            "depth_loss": 0.0075898845680058,
            "f_score": 0.9515827298164368,
            "iou": 0.8910568952560425,
            "mask_loss": 0.002893205964937806
        }
    },
    "3": {
        "final": {
            "chamfer": 4.433077265275642e-05,
            "depth_loss": 0.0020591134671121836,
            "f_score": 0.9921118021011353,
            "iou": 0.9948825240135193,
            "mask_loss": 0.0008783898083493114
        },
        "first_stage": {
            "chamfer": 4.6902910980861634e-05,
            "depth_loss": 0.001990118995308876,
            "f_score": 0.9870861768722534,
            "iou": 0.9945037961006165,
            "mask_loss": 0.0008634476689621806
        },
        "initial": {
            "chamfer": 6.519404996652156e-05,
            "depth_loss": 0.005928299389779568,
            "f_score": 0.955796480178833,
            "iou": 0.9792453646659851,
            "mask_loss": 0.0023211929947137833
        }
    },
    "4": {
        "final": {
            "chamfer": 0.001224450534209609,
            "depth_loss": 0.0011257561855018139,
            "f_score": 0.997123122215271,
            "iou": 0.9588677287101746,
            "mask_loss": 0.0007191681070253253
        },
        "first_stage": {
            "chamfer": 1.5916066331556067e-05,
            "depth_loss": 0.001195617951452732,
            "f_score": 0.9999847412109375,
            "iou": 0.9744921922683716,
            "mask_loss": 0.0005884043639525771
        },
        "initial": {
            "chamfer": 2.4716411644476466e-05,
            "depth_loss": 0.00704613234847784,
            "f_score": 0.9990090131759644,
            "iou": 0.8797524571418762,
            "mask_loss": 0.0025719318073242903
        }
    },
    "5": {
        "final": {
            "chamfer": 4.717805131804198e-05,
            "depth_loss": 0.0024433722719550133,
            "f_score": 0.9872198700904846,
            "iou": 0.9873217940330505,
            "mask_loss": 0.0011554675875231624
        },
        "first_stage": {
            "chamfer": 4.896370955975726e-05,
            "depth_loss": 0.0023247471544891596,
            "f_score": 0.9851977229118347,
            "iou": 0.983596920967102,
            "mask_loss": 0.0009698770008981228
        },
        "initial": {
            "chamfer": 6.441256846301258e-05,
            "depth_loss": 0.007234721444547176,
            "f_score": 0.9620180130004883,
            "iou": 0.9588606357574463,
            "mask_loss": 0.0030129775404930115
        }
    },
    "6": {
        "final": {
            "chamfer": 2.0359335394459777e-05,
            "depth_loss": 0.0009878329001367092,
            "f_score": 0.999847412109375,
            "iou": 0.9840991497039795,
            "mask_loss": 0.0005083587020635605
        },
        "first_stage": {
            "chamfer": 2.0603301891242154e-05,
            "depth_loss": 0.000987224280834198,
            "f_score": 0.999496340751648,
            "iou": 0.9835062623023987,
            "mask_loss": 0.00048689081449992955
        },
        "initial": {
            "chamfer": 3.3488548069726676e-05,
            "depth_loss": 0.008843299932777882,
            "f_score": 0.9946711659431458,
            "iou": 0.931571364402771,
            "mask_loss": 0.0030059614218771458
        }
    },
    "7": {
        "final": {
            "chamfer": 8.398652425967157e-05,
            "depth_loss": 0.0050221397541463375,
            "f_score": 0.9341357946395874,
            "iou": 0.4100343585014343,
            "mask_loss": 0.002013233955949545
        },
        "first_stage": {
            "chamfer": 0.00011733755673049018,
            "depth_loss": 0.005683260504156351,
            "f_score": 0.9063982367515564,
            "iou": 0.3631868064403534,
            "mask_loss": 0.0021512897219508886
        },
        "initial": {
            "chamfer": 6.597387982765213e-05,
            "depth_loss": 0.012151799164712429,
            "f_score": 0.9726735949516296,
            "iou": 0.1077401340007782,
            "mask_loss": 0.0038297486025840044
        }
    },
    "8": {
        "final": {
            "chamfer": 8.954810618888587e-05,
            "depth_loss": 0.0012789061293005943,
            "f_score": 0.8938269019126892,
            "iou": 0.993694543838501,
            "mask_loss": 0.0005038181552663445
        },
        "first_stage": {
            "chamfer": 8.876598440110683e-05,
            "depth_loss": 0.0012972619151696563,
            "f_score": 0.8985432386398315,
            "iou": 0.9915244579315186,
            "mask_loss": 0.0005755843594670296
        },
        "initial": {
            "chamfer": 9.877289267024025e-05,
            "depth_loss": 0.002975667826831341,
            "f_score": 0.8761751055717468,
            "iou": 0.9660794138908386,
            "mask_loss": 0.0015009769704192877
        }
    },
    "9": {
        "final": {
            "chamfer": 8.515577064827085e-05,
            "depth_loss": 0.002738118637353182,
            "f_score": 0.9175456762313843,
            "iou": 0.7486209869384766,
            "mask_loss": 0.0017401091754436493
        },
        "first_stage": {
            "chamfer": 9.45322826737538e-05,
            "depth_loss": 0.003514037234708667,
            "f_score": 0.8995693922042847,
            "iou": 0.6634371876716614,
            "mask_loss": 0.0019563056994229555
        },
        "initial": {
            "chamfer": 0.00013670639600604773,
            "depth_loss": 0.027263527736067772,
            "f_score": 0.8268529176712036,
            "iou": 0.4325908422470093,
            "mask_loss": 0.009884586557745934
        }
    },
    "10": {
        "final": {
            "chamfer": 0.00010059050691779703,
            "depth_loss": 0.0013815760612487793,