{
    "0": {
        "final": {
            "chamfer": 3.641584044089541e-05,
            "depth_loss": 0.004121395293623209,
            "f_score": 0.9920591711997986,
            "iou": 0.9173234701156616,
            "mask_loss": 0.0019285278394818306
        },
        "first_stage": {
            "chamfer": 3.338184251333587e-05,
            "depth_loss": 0.004849201068282127,
            "f_score": 0.9885494709014893,
            "iou": 0.965490996837616,
            "mask_loss": 0.001695467159152031
        },
        "initial": {
            "chamfer": 3.3684525988064706e-05,
            "depth_loss": 0.007554054260253906,
            "f_score": 0.9970924258232117,
            "iou": 0.9552126526832581,
            "mask_loss": 0.002456441055983305
        }
    },
    "1": {
        "final": {
            "chamfer": 7.058208575472236e-05,
            "depth_loss": 0.003474774304777384,
            "f_score": 0.9479467868804932,
            "iou": 0.9723467826843262,
            "mask_loss": 0.0013607783475890756
        },
        "first_stage": {
            "chamfer": 7.153760816436261e-05,
            "depth_loss": 0.004131031222641468,
            "f_score": 0.9430271983146667,
            "iou": 0.9691630005836487,
            "mask_loss": 0.0017397106857970357
        },
        "initial": {
            "chamfer": 8.784940291661769e-05,
            "depth_loss": 0.009855660609900951,
            "f_score": 0.920990526676178,
            "iou": 0.8868343234062195,
            "mask_loss": 0.003614129265770316
        }
    },
    "2": {
        "final": {
            "chamfer": 5.64585643587634e-05,
            "depth_loss": 0.002388446591794491,
            "f_score": 0.9728044271469116,
            "iou": 0.9739346504211426,
            "mask_loss": 0.0009146492811851203
        },
        "first_stage": {
            "chamfer": 5.8014426031149924e-05,
            "depth_loss": 0.0030580232851207256,
            "f_score": 0.97212815284729,
            "iou": 0.9736282229423523,
            "mask_loss": 0.0011809029383584857
        },
        "initial": {
            "chamfer": 7.013058348093182e-05,
            "depth_loss": 0.00588259007781744,
            "f_score": 0.9537774920463562,
            "iou": 0.8669123649597168,
            "mask_loss": 0.0023426837287843227
        }
    },
    "3": {
        "final": {
            "chamfer": 4.5183958718553185e-05,
            "depth_loss": 0.0028490680269896984,
            "f_score": 0.9892712235450745,
            "iou": 0.9928020238876343,
            "mask_loss": 0.0011576749384403229
        },
        "first_stage": {
            "chamfer": 4.6767723688390106e-05,
            "depth_loss": 0.0028683205600827932,
            "f_score": 0.9877316355705261,
            "iou": 0.991280734539032,
            "mask_loss": 0.0012250125873833895
        },
        "initial": {
            "chamfer": 6.341887637972832e-05,
            "depth_loss": 0.006052926182746887,
            "f_score": 0.9621341824531555,
            "iou": 0.981233537197113,
            "mask_loss": 0.0024592108093202114
        }
    },
    "4": {
        "final": {
            "chamfer": 1.6503270671819337e-05,
            "depth_loss": 0.001617376459762454,
            "f_score": 1.0,
            "iou": 0.9603033065795898,
            "mask_loss": 0.0006920740124769509
        },
        "first_stage": {
            "chamfer": 1.6518428310519084e-05,
            "depth_loss": 0.0016933067236095667,
            "f_score": 1.0,
            "iou": 0.9561362862586975,
            "mask_loss": 0.0007627308368682861
        },
        "initial": {
            "chamfer": 3.0630690162070096e-05,
            "depth_loss": 0.010915744118392467,
            "f_score": 0.9959273338317871,
            "iou": 0.8460161089897156,
            "mask_loss": 0.0036514531821012497
        }
    },
    "5": {
        "final": {
            "chamfer": 4.514637839747593e-05,
            "depth_loss": 0.0033181686885654926,
            "f_score": 0.9892722964286804,
            "iou": 0.9891777634620667,
            "mask_loss": 0.0011985433520749211
        },
        "first_stage": {
            "chamfer": 4.567342693917453e-05,
            "depth_loss": 0.0035126381553709507,
            "f_score": 0.9897942543029785,
            "iou": 0.9851568341255188,
            "mask_loss": 0.0012895469553768635
        },
        "initial": {
            "chamfer": 6.310413300525397e-05,
            "depth_loss": 0.009359553456306458,
            "f_score": 0.9615390300750732,
            "iou": 0.9643267393112183,
            "mask_loss": 0.003549295011907816
        }
    },
    "6": {
        "final": {
            "chamfer": 2.2310447093332186e-05,
            "depth_loss": 0.0012568029342219234,
            "f_score": 0.9999237060546875,
            "iou": 0.9635928869247437,
            "mask_loss": 0.0011752161663025618
        },
        "first_stage": {
            "chamfer": 2.0383953597047366e-05,
            "depth_loss": 0.0014846328413113952,
            "f_score": 0.9999847412109375,
            "iou": 0.981422483921051,
            "mask_loss": 0.0007157685467973351
        },
        "initial": {
            "chamfer": 3.404682865948416e-05,
            "depth_loss": 0.00929334294050932,
            "f_score": 0.993155837059021,
            "iou": 0.9320124387741089,
            "mask_loss": 0.0032811593264341354
        }
    },
    "7": {
        "final": {
            "chamfer": 0.0001349403610220179,
            "depth_loss": 0.010131942108273506,
            "f_score": 0.7993600368499756,
            "iou": 0.2546478807926178,
            "mask_loss": 0.003765640314668417
        },
        "first_stage": {
            "chamfer": 0.00013560420484282076,
            "depth_loss": 0.012052479200065136,
            "f_score": 0.7998881340026855,
            "iou": 0.2507127821445465,
            "mask_loss": 0.004352934658527374
        },
        "initial": {
            "chamfer": 6.508831575047225e-05,
            "depth_loss": 0.01303735189139843,
            "f_score": 0.9745621085166931,
            "iou": 0.11394916474819183,
            "mask_loss": 0.004124036058783531
        }
    },
    "8": {
        "final": {
            "chamfer": 8.965135202743113e-05,
            "depth_loss": 0.0014455036725848913,
            "f_score": 0.8930917978286743,
            "iou": 0.9844982624053955,
            "mask_loss": 0.0006231736624613404
        },
        "first_stage": {
            "chamfer": 9.095995483221486e-05,
            "depth_loss": 0.0025284686125814915,
            "f_score": 0.8920117616653442,
            "iou": 0.9827786087989807,
            "mask_loss": 0.0010447390377521515
        },
        "initial": {
            "chamfer": 9.852054063230753e-05,
            "depth_loss": 0.004439866170287132,
            "f_score": 0.8779070973396301,
            "iou": 0.9657080173492432,
            "mask_loss": 0.0017756388988345861
        }
    },
    "9": {
        "final": {
            "chamfer": 7.880110933911055e-05,
            "depth_loss": 0.0040177591145038605,
            "f_score": 0.9322444796562195,
            "iou": 0.7848875522613525,
            "mask_loss": 0.0017650267109274864
        },
        "first_stage": {
            "chamfer": 8.818462811177596e-05,
            "depth_loss": 0.006017178297042847,
            "f_score": 0.9167773723602295,
            "iou": 0.729651153087616,
            "mask_loss": 0.0024234806187450886
        },
        "initial": {
            "chamfer": 0.00015233841259032488,
            "depth_loss": 0.0312550887465477,
            "f_score": 0.8089599013328552,
            "iou": 0.39530909061431885,
            "mask_loss": 0.01145634613931179
        }
    },
    "10": {
        "final": {
            "chamfer": 0.000214471947401762,
            "depth_loss": 0.002053056377917528,
            "f_score": 0.8613888025283813,