{
    "0": {
        "final": {
            "chamfer": 9.194016456604004e-05,
            "depth_loss": 0.00463053397834301,
            "f_score": 0.9825742840766907,
            "iou": 0.9783982038497925,
            "mask_loss": 0.001597999013029039
        },
        "first_stage": {
            "chamfer": 3.342589479871094e-05,
            "depth_loss": 0.00379124004393816,
            "f_score": 0.9894444346427917,
            "iou": 0.9689036011695862,
            "mask_loss": 0.001466234098188579
        },
        "initial": {
            "chamfer": 3.340682451380417e-05,
            "depth_loss": 0.007404612377285957,
            "f_score": 0.9973055124282837,
            "iou": 0.9591019153594971,
            "mask_loss": 0.002418460790067911
        }
    },
    "1": {
        "final": {
            "chamfer": 7.010575791355222e-05,
            "depth_loss": 0.003026930382475257,
            "f_score": 0.946504533290863,
            "iou": 0.9743078351020813,
            "mask_loss": 0.0012572742998600006
        },
        "first_stage": {
            "chamfer": 7.020219345577061e-05,
            "depth_loss": 0.002828765194863081,
            "f_score": 0.9482706189155579,
            "iou": 0.971855103969574,
            "mask_loss": 0.0012248586863279343
        },
        "initial": {
            "chamfer": 8.787470869719982e-05,
            "depth_loss": 0.012206153944134712,
            "f_score": 0.9180635213851929,
            "iou": 0.8742090463638306,
            "mask_loss": 0.004050172865390778
        }
    },
    "2": {
        "final": {
            "chamfer": 5.57376624783501e-05,
            "depth_loss": 0.0022126170806586742,
            "f_score": 0.9738094806671143,
            "iou": 0.9794408082962036,
            "mask_loss": 0.0009128508390858769
        },
        "first_stage": {
            "chamfer": 5.5335709475912154e-05,
            "depth_loss": 0.0020768125541508198,
            "f_score": 0.9742690920829773,
            "iou": 0.9771476984024048,
            "mask_loss": 0.0008406878914684057
        },
        "initial": {
            "chamfer": 7.130637823138386e-05,
            "depth_loss": 0.0075333211570978165,
            "f_score": 0.9531781673431396,
            "iou": 0.8916497230529785,
            "mask_loss": 0.0029064989648759365
        }
    },
    "3": {
        "final": {
            "chamfer": 4.390514732222073e-05,
            "depth_loss": 0.0023524819407612085,
            "f_score": 0.9915387034416199,
            "iou": 0.9930620789527893,
            "mask_loss": 0.0009823881555348635
        },
        "first_stage": {
            "chamfer": 4.466503014555201e-05,
            "depth_loss": 0.0026172318030148745,
            "f_score": 0.9901741147041321,
            "iou": 0.9940934777259827,
            "mask_loss": 0.0010779746808111668
        },
        "initial": {
            "chamfer": 6.427880725823343e-05,
            "depth_loss": 0.00608295202255249,
            "f_score": 0.9562870860099792,
            "iou": 0.9806805849075317,
            "mask_loss": 0.0023031621240079403
        }
    },
    "4": {
        "final": {
            "chamfer": 1.6056199456215836e-05,
            "depth_loss": 0.0012317835353314877,
            "f_score": 0.9999847412109375,
            "iou": 0.9779080152511597,
            "mask_loss": 0.0005644884658977389
        },
        "first_stage": {
            "chamfer": 1.6335918189724907e-05,
            "depth_loss": 0.0017549097537994385,
            "f_score": 1.0,
            "iou": 0.9657115936279297,
            "mask_loss": 0.0007500769570469856
        },
        "initial": {
            "chamfer": 2.52888239629101e-05,
            "depth_loss": 0.0071580298244953156,
            "f_score": 0.9986433386802673,
            "iou": 0.8747262358665466,
            "mask_loss": 0.002664780244231224
        }
    },
    "5": {
        "final": {
            "chamfer": 4.481380892684683e-05,
            "depth_loss": 0.00294239679351449,
            "f_score": 0.9899277091026306,
            "iou": 0.9899145364761353,
            "mask_loss": 0.001119794207625091
        },
        "first_stage": {
            "chamfer": 4.5061759010422975e-05,
            "depth_loss": 0.002534616505727172,
            "f_score": 0.9893056750297546,
            "iou": 0.9879093766212463,
            "mask_loss": 0.0009765170398168266
        },
        "initial": {
            "chamfer": 6.438336276914924e-05,
            "depth_loss": 0.007260247133672237,
            "f_score": 0.9619470238685608,
            "iou": 0.9595685005187988,
            "mask_loss": 0.003032695036381483
        }
    },
    "6": {
        "final": {
            "chamfer": 1.9772673113038763e-05,
            "depth_loss": 0.0009792943019419909,
            "f_score": 0.9999847412109375,
            "iou": 0.9818645715713501,
            "mask_loss": 0.0004974784096702933
        },
        "first_stage": {
            "chamfer": 2.0202965970383957e-05,
            "depth_loss": 0.0011192718520760536,
            "f_score": 0.9998322129249573,
            "iou": 0.9831386208534241,
            "mask_loss": 0.0005236969445832074
        },
        "initial": {
            "chamfer": 3.3942476875381544e-05,
            "depth_loss": 0.009383754804730415,
            "f_score": 0.9947941899299622,
            "iou": 0.9304484128952026,
            "mask_loss": 0.003166637849062681
        }
    },
    "7": {
        "final": {
            "chamfer": 6.594409205717966e-05,
            "depth_loss": 0.011896686628460884,
            "f_score": 0.9719876646995544,
            "iou": 0.10145203024148941,
            "mask_loss": 0.0037843009922653437
        },
        "first_stage": {
            "chamfer": 6.580279296031222e-05,
            "depth_loss": 0.012291913852095604,
            "f_score": 0.9741871356964111,
            "iou": 0.1010151356458664,
            "mask_loss": 0.003918467089533806
        },
        "initial": {
            "chamfer": 6.646162364631891e-05,
            "depth_loss": 0.01284385472536087,
            "f_score": 0.970038652420044,
            "iou": 0.10243325680494308,
            "mask_loss": 0.004044415894895792
        }
    },
    "8": {
        "final": {
            "chamfer": 8.813368913251907e-05,
            "depth_loss": 0.0013224889989942312,
            "f_score": 0.8958861231803894,
            "iou": 0.994361937046051,
            "mask_loss": 0.0005348222912289202
        },
        "first_stage": {
            "chamfer": 8.92508978722617e-05,
            "depth_loss": 0.0013270697090774775,
            "f_score": 0.8947432637214661,
            "iou": 0.9914705157279968,
            "mask_loss": 0.0006020568544045091
        },
        "initial": {
            "chamfer": 9.817417594604194e-05,
            "depth_loss": 0.0029500508680939674,
            "f_score": 0.8765159845352173,
            "iou": 0.9660273790359497,
            "mask_loss": 0.001474511343985796
        }
    },
    "9": {
        "final": {
            "chamfer": 7.716032268945128e-05,
            "depth_loss": 0.0030999041628092527,
            "f_score": 0.9356027245521545,
            "iou": 0.8009470701217651,
            "mask_loss": 0.0016634226776659489
        },
        "first_stage": {
            "chamfer": 8.328203693963587e-05,
            "depth_loss": 0.004185169003903866,
            "f_score": 0.9244967103004456,
            "iou": 0.7481945157051086,
            "mask_loss": 0.0018544881604611874
        },
        "initial": {
            "chamfer": 0.00013707720790989697,
            "depth_loss": 0.02736257016658783,
            "f_score": 0.8251046538352966,
            "iou": 0.42584994435310364,
            "mask_loss": 0.009970787912607193
        }
    },
    "10": {
        "final": {
            "chamfer": 0.0001306867052335292,
            "depth_loss": 0.0017078554956242442,
            "f_score": 0.8744759559631348,