{
    "0": {
        "final": {
            "chamfer": 3.422089503146708e-05,
            "depth_loss": 0.005059225484728813,
            "f_score": 0.9837484359741211,
            "iou": 0.9761193990707397,
            "mask_loss": 0.001679078210145235
        },
        "first_stage": {
            "chamfer": 3.15084689646028e-05,
            "depth_loss": 0.003888292470946908,
            "f_score": 0.993431568145752,
            "iou": 0.9665594100952148,
            "mask_loss": 0.001384056406095624
        },
        "initial": {
            "chamfer": 3.34764554281719e-05,
            "depth_loss": 0.0070466394536197186,
            "f_score": 0.9963951110839844,
            "iou": 0.956688642501831,
            "mask_loss": 0.0023412154987454414
        }
    },
    "1": {
        "final": {
            "chamfer": 7.048314000712708e-05,
            "depth_loss": 0.003267596010118723,
            "f_score": 0.9455618262290955,
            "iou": 0.9785321950912476,
            "mask_loss": 0.0013499981723725796
        },
        "first_stage": {
            "chamfer": 7.107443525455892e-05,
            "depth_loss": 0.003505651606246829,
            "f_score": 0.9459450840950012,
            "iou": 0.9715197682380676,
            "mask_loss": 0.0014181542210280895
        },
        "initial": {
            "chamfer": 8.874251943780109e-05,
            "depth_loss": 0.012243328616023064,
            "f_score": 0.9164021611213684,
            "iou": 0.87895667552948,
            "mask_loss": 0.004042645450681448
        }
    },
    "2": {
        "final": {
            "chamfer": 5.585463804891333e-05,
            "depth_loss": 0.0021772761829197407,
            "f_score": 0.9733605980873108,
            "iou": 0.9737274050712585,
            "mask_loss": 0.0008522529387846589
        },
        "first_stage": {
            "chamfer": 5.5976230214582756e-05,
            "depth_loss": 0.002337223617359996,
            "f_score": 0.9732843637466431,
            "iou": 0.9762712121009827,
            "mask_loss": 0.0008807284757494926
        },
        "initial": {
            "chamfer": 7.388602534774691e-05,
            "depth_loss": 0.007887570187449455,
            "f_score": 0.9498630166053772,
            "iou": 0.8849918246269226,
            "mask_loss": 0.003010951681062579
        }
    },
    "3": {
        "final": {
            "chamfer": 4.3831634684465826e-05,
            "depth_loss": 0.0025991485454142094,
            "f_score": 0.991626501083374,
            "iou": 0.9931124448776245,
            "mask_loss": 0.0009936363203451037
        },
        "first_stage": {
            "chamfer": 4.53541251772549e-05,
            "depth_loss": 0.003204338252544403,
            "f_score": 0.9889314770698547,
            "iou": 0.9930155873298645,
            "mask_loss": 0.0012243571691215038
        },
        "initial": {
            "chamfer": 6.427463085856289e-05,
            "depth_loss": 0.005817649886012077,
            "f_score": 0.9554540514945984,
            "iou": 0.9778674244880676,
            "mask_loss": 0.0023024657275527716
        }
    },
    "4": {
        "final": {
            "chamfer": 1.614004941075109e-05,
            "depth_loss": 0.001742290100082755,
            "f_score": 1.0,
            "iou": 0.9747633934020996,
            "mask_loss": 0.0007379797752946615
        },
        "first_stage": {
            "chamfer": 1.6367466741940007e-05,
            "depth_loss": 0.001974168699234724,
            "f_score": 1.0,
            "iou": 0.9661971926689148,
            "mask_loss": 0.0008149170316755772
        },
        "initial": {
            "chamfer": 2.4731765734031796e-05,
            "depth_loss": 0.0070461430586874485,
            "f_score": 0.9990090131759644,
            "iou": 0.8797524571418762,
            "mask_loss": 0.0025719208642840385
        }
    },
    "5": {
        "final": {
            "chamfer": 4.550680750980973e-05,
            "depth_loss": 0.003412280697375536,
            "f_score": 0.9890196919441223,
            "iou": 0.9887251257896423,
            "mask_loss": 0.001257539028301835
        },
        "first_stage": {
            "chamfer": 4.563163383863866e-05,
            "depth_loss": 0.0030752611346542835,
            "f_score": 0.9888267517089844,
            "iou": 0.9851521849632263,
            "mask_loss": 0.0010843010386452079
        },
        "initial": {
            "chamfer": 6.441574078053236e-05,
            "depth_loss": 0.007143518887460232,
            "f_score": 0.962369978427887,
            "iou": 0.9586407542228699,
            "mask_loss": 0.0030078827403485775
        }
    },
    "6": {
        "final": {
            "chamfer": 2.0089373720111325e-05,
            "depth_loss": 0.001346335862763226,
            "f_score": 0.9999542236328125,
            "iou": 0.9811802506446838,
            "mask_loss": 0.0005752620054408908
        },
        "first_stage": {
            "chamfer": 2.0105286239413545e-05,
            "depth_loss": 0.001251443987712264,
            "f_score": 0.9999542236328125,
            "iou": 0.9844580292701721,
            "mask_loss": 0.0005472322227433324
        },
        "initial": {
            "chamfer": 3.4026223147520795e-05,
            "depth_loss": 0.00924684852361679,
            "f_score": 0.9945533275604248,
            "iou": 0.9304393529891968,
            "mask_loss": 0.0031285013537853956
        }
    },
    "7": {
        "final": {
            "chamfer": 0.000110077322460711,
            "depth_loss": 0.011057263240218163,
            "f_score": 0.8895474076271057,
            "iou": 0.15899470448493958,
            "mask_loss": 0.004090536385774612
        },
        "first_stage": {
            "chamfer": 0.00011093357170466334,
            "depth_loss": 0.01052191574126482,
            "f_score": 0.890483021736145,
            "iou": 0.16197320818901062,
            "mask_loss": 0.00401147548109293
        },
        "initial": {
            "chamfer": 6.499089795397595e-05,
            "depth_loss": 0.011691213585436344,
            "f_score": 0.9741580486297607,
            "iou": 0.10863614082336426,
            "mask_loss": 0.0036976104602217674
        }
    },
    "8": {
        "final": {
            "chamfer": 8.928534225560725e-05,
            "depth_loss": 0.0015970433596521616,
            "f_score": 0.8948042988777161,
            "iou": 0.9935790300369263,
            "mask_loss": 0.000585836882237345
        },
        "first_stage": {
            "chamfer": 8.842967508826405e-05,
            "depth_loss": 0.0015313168987631798,
            "f_score": 0.8971571326255798,
            "iou": 0.9922390580177307,
            "mask_loss": 0.0006519615417346358
        },
        "initial": {
            "chamfer": 9.730426245369017e-05,
            "depth_loss": 0.003012977074831724,
            "f_score": 0.8801290392875671,
            "iou": 0.9676022529602051,
            "mask_loss": 0.0015159181784838438
        }
    },
    "9": {
        "final": {
            "chamfer": 7.920517964521423e-05,
            "depth_loss": 0.004037247970700264,
            "f_score": 0.9321368932723999,
            "iou": 0.8069068789482117,
            "mask_loss": 0.0018659578636288643
        },
        "first_stage": {
            "chamfer": 8.418226934736595e-05,
            "depth_loss": 0.005227161571383476,
            "f_score": 0.9215162396430969,
            "iou": 0.7786045074462891,
            "mask_loss": 0.0020958837121725082
        },
        "initial": {
            "chamfer": 0.000135580834466964,
            "depth_loss": 0.027012765407562256,
            "f_score": 0.8295126557350159,
            "iou": 0.4352407455444336,
            "mask_loss": 0.009821226820349693
        }
    },
    "10": {
        "final": {
            "chamfer": 0.00011305457155685872,
            "depth_loss": 0.0016278303228318691,
            "f_score": 0.8758164048194885,