{"data_step":1,"epoch":0,"acc":0.499755859375,"loss_kl_batch":6.265275442274287e-05,"_wandb":{"runtime":24},"iou_batch":0.3741455078125,"loss_near_batch":0.06935501098632812,"loss_vol":0.6944538354873657,"loss_vol_batch":0.6945753693580627,"_runtime":19.794419081,"_step":67,"loss_near":0.06935705244541168,"_wandb.runtime":19,"_timestamp":1.7349184729055068e+09,"acc_batch":0.4993896484375,"iou":0.37408447265625,"loss_kl":6.355145524139516e-05}