{"iou":0.24741554260253906,"data_step":63,"iou_batch":0.4351806640625,"epoch":0,"loss_near":0.06936734728515148,"loss_vol":0.6938058249652386,"_wandb":{"runtime":18},"loss_vol_batch":0.6936289072036743,"_timestamp":1.7349157221824212e+09,"loss_near_batch":0.06929769366979599,"_step":64,"acc_batch":0.4986572265625,"_wandb.runtime":19,"loss_kl":5.4292047025228385e-05,"loss_kl_batch":4.050979987368919e-05,"_runtime":18.415121826,"acc":0.49936485290527344}