{"loss_near":0.06935705244541168,"loss_kl":6.355145524139516e-05,"loss_vol_batch":0.6945753693580627,"_wandb":{"runtime":28},"epoch":0,"loss_vol":0.6944538354873657,"acc":0.499755859375,"data_step":1,"_runtime":23.813410851,"iou_batch":0.3741455078125,"iou":0.37408447265625,"loss_kl_batch":6.265275442274287e-05,"_step":73,"acc_batch":0.4993896484375,"loss_near_batch":0.06935501098632812,"_wandb.runtime":19,"_timestamp":1.7349186311562371e+09}