{"epoch_1000x": 0, "train_batch_loss": 2.3300464153289795, "train_kl_reg_batch_loss": 0.014982400462031364, "train_rec_batch_loss": 2.411099672317505, "train_inv_batch_loss": 2.0054593086242676, "_timestamp": 1726363709.6753407, "_runtime": 7.2803795337677, "_step": 1, "epoch": 0, "train_loss": 2.314525604248047, "train_kl_reg_loss": 0.013908546417951584, "train_rec_loss": 2.391532063484192, "train_inv_loss": 2.0061521530151367, "_wandb": {"runtime": 7}}