{"_runtime":32.119399739,"iou":0.24741554260253906,"data_step":47,"_step":112,"_wandb.runtime":19,"_wandb":{"runtime":32},"loss_near_batch":0.06932740658521652,"epoch":0,"loss_vol":0.6938058249652386,"acc":0.49936485290527344,"iou_batch":0.314208984375,"acc_batch":0.4998779296875,"loss_near":0.06936734728515148,"loss_vol_batch":0.6934037804603577,"loss_kl_batch":4.859648470301181e-05,"loss_kl":5.4292047025228385e-05,"_timestamp":1.734918450028619e+09}